{
  "biophysical_constants":{

    "transcription_saturation_constant":{
      "value":"0.24",
      "units":"nmol/gDW",
      "bionumbers_reference":""
    },
    "translation_saturation_constant":{
      "value":"454.64",
      "units":"nmol/gDW",
      "bionumbers_reference":""
    },
    "characteristic_initiation_time_transcription":{
      "value":"42",
      "units":"s",
      "bionumbers_reference":""
    },
    "characteristic_initiation_time_translation":{
      "value":"15",
      "units":"s",
      "bionumbers_reference":"BIND:109525"
    },
    "cell_doubling_time":{
      "value":"0.66",
      "units":"h",
      "bionumbers_reference":""
    },
    "mass_of_single_cell":{
      "value":"2.8e-13",
      "units":"g/cell",
      "bionumbers_reference":"BIND:103904"
    },
    "fraction_of_water_per_cell":{
      "value":"0.70",
      "units":"dimensionless",
      "bionumbers_reference":""
    },
    "copies_of_rnapII_per_cell":{
      "value":"1150",
      "units":"copies/cell",
      "bionumbers_reference":""
    },
    "copies_of_ribosome_per_cell":{
      "value":"45000",
      "units":"copies/cell",
      "bionumbers_reference":""
    },
    "translation_elongation_rate":{
      "value":"16.5",
      "units":"aa/s",
      "bionumbers_reference":""
    },
    "transcription_elongation_rate":{
      "value":"60.0",
      "units":"nt/s",
      "bionumbers_reference":""
    },
    "characteristic_transcript_length":{
      "value":"1000",
      "units":"nt",
      "bionumbers_reference":""
    },
    "characteristic_protein_length":{
      "value":"330",
      "units":"aa",
      "bionumbers_reference":""
    }
  },

  "list_of_species_symbols":[
    {
      "symbol":"mRNA_N1",
      "index":"1",
      "type":"dynamic"
    },
    {
      "symbol":"mRNA_N2",
      "index":"2",
      "type":"dynamic"
    },
    {
      "symbol":"mRNA_N3",
      "index":"3",
      "type":"dynamic"
    },
    {
      "symbol":"P_N1",
      "index":"4",
      "type":"dynamic"
    },
    {
      "symbol":"P_N2",
      "index":"5",
      "type":"dynamic"
    },
    {
      "symbol":"P_N3",
      "index":"6",
      "type":"dynamic"
    },
    {
      "symbol":"IND",
      "index":"7",
      "type":"constant"
    }
  ],

  "list_of_nodes":[
    {
      "node_symbol":"N1",
      "parameters":{
        "gene_copy_number_per_cell":"200",
        "gene_length_in_nt":"1200",
        "protein_length_in_aa":"400",
        "mRNA_half_life_in_hr":"0.0333",
        "protein_half_life_in_hr":"24.0",
        "background_expression":"0.000001"
      },
      "transcription_control_structure":{
        "list_of_activators":[
          {
            "symbol":"IND",
            "weight":"100",
            "binding_function":{
              "order":"1.5",
              "binding_constant":"0.30"
            }
          }
        ],
        "list_of_repressors":[]
      }
    },
    {
      "node_symbol":"N2",
      "parameters":{
        "gene_copy_number_per_cell":"200",
        "gene_length_in_nt":"2400",
        "protein_length_in_aa":"800",
        "mRNA_half_life_in_hr":"0.0333",
        "protein_half_life_in_hr":"24.0",
        "background_expression":"0.000001"
      },
      "transcription_control_structure":{
        "list_of_activators":[
          {
            "symbol":"P_N1",
            "weight":"10.0",
            "binding_function":{
              "order":"1.5",
              "binding_constant":"1000.0"
            }
          }
        ],
        "list_of_repressors":[]
      }
    },
    {
      "node_symbol":"N3",
      "parameters":{
          "gene_copy_number_per_cell":"200",
          "gene_length_in_nt":"600",
          "protein_length_in_aa":"200",
          "mRNA_half_life_in_hr":"0.0333",
          "protein_half_life_in_hr":"24.0",
          "background_expression":"0.000001"
      },
      "transcription_control_structure":{
        "list_of_activators":[
          {
            "symbol":"P_N1",
            "weight":"5.0",
            "binding_function":{
              "order":"1.5",
              "binding_constant":"1000.0"
            }
          }
        ],
        "list_of_repressors":[
          {
            "symbol":"P_N2",
            "weight":"50.0",
            "binding_function":{
              "order":"10.0",
              "binding_constant":"10000.0"
            }
          }
        ]
      }
    }
  ]
}
